tipo,quartos,preço,bairro,cidade,estado,área construida,anunciante,data do anuncio,url,data da coleta,hora da coleta
Terrenos,,R$ 590.000,,Abadiânia,GO,811m²,Rafael M. Castro,20/09/2023,https://go.olx.com.br/grande-goiania-e-anapolis/terrenos/escarpas-eco-parque-terreno-1235681675,03/Oct/2023,14:03:36
Terrenos,,null,,Abadiânia,GO,504m²,Vilmar ferrari,27/09/2023,https://go.olx.com.br/grande-goiania-e-anapolis/terrenos/vende-chacaras-e-lotes-corumba-4-melhor-localizacao-so-500-mts-de-chao-1237933533,03/Oct/2023,14:03:36
Outros,,R$ 50.000,,Abadiânia,GO,1000m²,Mrjr,02/10/2023,https://go.olx.com.br/grande-goiania-e-anapolis/terrenos/lote-condominio-fechado-corumba-para-vender-hoje--1237698843,03/Oct/2023,14:03:37
Terrenos,,R$ 580.000,,Abadiânia,GO,1173m²,Crislaine,29/09/2023,https://go.olx.com.br/grande-goiania-e-anapolis/terrenos/lote-escarpas-do-corumba-oportunidade-1238884333,03/Oct/2023,14:03:37
Terrenos,,R$ 140.000,,Abadiânia,GO,1100m²,celio78964,30/09/2023,https://go.olx.com.br/grande-goiania-e-anapolis/terrenos/terreno-1100m-em-abadiania-corumba-4-1226502331,03/Oct/2023,14:03:37
Terrenos,,R$ 225.252,,Abadiânia,GO,100m²,Cláudio Luz,29/09/2023,https://go.olx.com.br/grande-goiania-e-anapolis/terrenos/condominio-fechado-aurora-do-lago-1238638063,03/Oct/2023,14:03:37
Terrenos,,R$ 18.000,,Abadiânia,GO,360m²,Rafael,26/09/2023,https://go.olx.com.br/grande-goiania-e-anapolis/terrenos/agio-lote-eubiopolis-distrito-planalmira-1237539634,03/Oct/2023,14:03:37
Terrenos,,R$ 39.900,,Abadiânia,GO,525m²,HC2023,28/09/2023,https://go.olx.com.br/grande-goiania-e-anapolis/terrenos/mini-chacara-terreno-lote-porto-valenca-corumba-4-iv-apenas-7km-de-chao-1206592064,03/Oct/2023,14:03:37
Terrenos,,R$ 1,,Abadiânia,GO,800m²,MSFCONSULTORIA,30/09/2023,https://go.olx.com.br/grande-goiania-e-anapolis/terrenos/condominio-scarpas-lago-corumba-4-1188845555,03/Oct/2023,14:03:37
Terrenos,,R$ 80.000,,Abadiânia,GO,720m²,Israel Moura,02/10/2023,https://go.olx.com.br/grande-goiania-e-anapolis/terrenos/vendo-troco-2-lotes-com-720m2-frente-pra-go-338-planalmira-escriturado-1239595001,03/Oct/2023,14:03:37
Terrenos,,R$ 30.000,,Abadiânia,GO,502m²,Rafa,01/10/2023,https://go.olx.com.br/grande-goiania-e-anapolis/terrenos/agio-di-lote-a-venda-no-porto-do-lago-corunba-iv-1230155223,03/Oct/2023,14:03:37
Terrenos,,R$ 243.000,,Abadiânia,GO,500m²,Welington Imóveis,11/09/2023,https://go.olx.com.br/grande-goiania-e-anapolis/terrenos/condominio-aurora-do-lago-1232514643,03/Oct/2023,14:03:38
Terrenos,,R$ 120.000,,Abadiânia,GO,1400m²,raissa,11/09/2023,https://go.olx.com.br/grande-goiania-e-anapolis/terrenos/lote-corumba-iv-1232590101,03/Oct/2023,14:03:38
Terrenos,,R$ 590.000,,Abadiânia,GO,811m²,LUIS ZAVA,30/08/2023,https://go.olx.com.br/grande-goiania-e-anapolis/terrenos/escarpas-eco-parque-terreno-1228365873,03/Oct/2023,14:03:38
Terrenos,,R$ 60.000,Planalmira,Abadiânia,GO,1000m²,Mylher Lira,17/09/2023,https://go.olx.com.br/grande-goiania-e-anapolis/terrenos/vendo-barato-terreno-de-1-000m-registrado-em-planalmira-go-1234759761,03/Oct/2023,14:03:38
Terrenos,,R$ 280.000,,Abadiânia,GO,800m²,Bruno Policarpo,12/09/2023,https://go.olx.com.br/grande-goiania-e-anapolis/terrenos/condominio-riviera-do-lago-1232833888,03/Oct/2023,14:03:38
Terrenos,,R$ 70.000,,Abadiânia,GO,4000m²,Israel Moura,10/09/2023,https://go.olx.com.br/grande-goiania-e-anapolis/terrenos/vendo-troco-terreno-4000m2-ultima-unidade-planalmira-escriturado-956578108,03/Oct/2023,14:03:38
Terrenos,,R$ 450.000,,Abadiânia,GO,920m²,IMOBILIARIA RESIDENCIA LTDA - ME,18/09/2023,https://go.olx.com.br/grande-goiania-e-anapolis/terrenos/terreno-residencial-para-venda-corumba-4-abadiania-1235158104,03/Oct/2023,14:03:38
Terrenos,,R$ 120.000,,Abadiânia,GO,506m²,Roswelton,11/09/2023,https://go.olx.com.br/grande-goiania-e-anapolis/terrenos/agio-lote-escarpas-eco-parque-aceita-carro-direto-com-proprietario-1232384313,03/Oct/2023,14:03:38
Terrenos,,R$ 410.000,,Abadiânia,GO,780m²,VÉSPER AGÊNCIA DE IMÓVEIS II,15/09/2023,https://go.olx.com.br/grande-goiania-e-anapolis/terrenos/lote-de-condominio-para-venda-em-vila-piaui-abadiania-1234029966,03/Oct/2023,14:03:38
Terrenos,,R$ 209.900,,Abadiânia,GO,523m²,João f,29/08/2023,https://go.olx.com.br/grande-goiania-e-anapolis/terrenos/condominio-aurora-do-lago-1227852378,03/Oct/2023,14:03:39
Terrenos,,R$ 28.000,,Abadiânia,GO,505m²,Rafa,12/09/2023,https://go.olx.com.br/grande-goiania-e-anapolis/terrenos/agio-porto-do-lago-corumba-4-1183892397,03/Oct/2023,14:03:39
Terrenos,,R$ 150.000,,Abadiânia,GO,510m²,Wanderson,12/09/2023,https://go.olx.com.br/grande-goiania-e-anapolis/terrenos/lote-corumba-4-1232893300,03/Oct/2023,14:03:39
Terrenos,,R$ 60.000,,Abadiânia,GO,250m²,michellepkhoury,30/09/2023,https://go.olx.com.br/grande-goiania-e-anapolis/terrenos/lote-corumba-iv-1239182858,03/Oct/2023,14:03:39
Outros,,R$ 150.000,,Abadiânia,GO,362m²,Real Empreendimentos,11/09/2023,https://go.olx.com.br/grande-goiania-e-anapolis/terrenos/lote-corumba-4-em-abadiania-1175188760,03/Oct/2023,14:03:39
Terrenos,,R$ 130.000,,Abadiânia,GO,655m²,João Lucas A,02/10/2023,https://go.olx.com.br/grande-goiania-e-anapolis/terrenos/vendo-lote-lago-corumba-4-abadiania-go-1239590916,03/Oct/2023,14:03:39
Terrenos,,R$ 100.000,,Abadiânia,GO,510m²,Angela,01/09/2023,https://go.olx.com.br/grande-goiania-e-anapolis/terrenos/lote-a-venda-corumba-4-1229123980,03/Oct/2023,14:03:39
Terrenos,,R$ 350.000,,Abadiânia,GO,698m²,André Fonseca,01/09/2023,https://go.olx.com.br/grande-goiania-e-anapolis/terrenos/lote-de-698-36m-no-condominio-fechado-escarpas-eco-parque-lago-de-corumba-iv-1228858139,03/Oct/2023,14:03:39
Terrenos,,R$ 590.000,,Abadiânia,GO,811m²,Equipe Diamond,26/08/2023,https://go.olx.com.br/grande-goiania-e-anapolis/terrenos/escarpas-eco-parque-terreno-1226715968,03/Oct/2023,14:03:40
Terrenos,,R$ 195.000,,Abadiânia,GO,3150m²,gearageorges,28/08/2023,https://go.olx.com.br/grande-goiania-e-anapolis/terrenos/lote-3150-m2-no-condominio-encanto-do-lago-1-corumba-iv-1227167058,03/Oct/2023,14:03:40
Terrenos,,R$ 270.000,,Abadiânia,GO,800m²,Claudio Sotana,25/08/2023,https://go.olx.com.br/grande-goiania-e-anapolis/terrenos/lote-portal-do-prata-corumba-iv-800m2-1223878846,03/Oct/2023,14:03:40
Terrenos,,R$ 6.000,Planalmira,Abadiânia,GO,392m²,Ana Paula Moraes,21/08/2023,https://go.olx.com.br/grande-goiania-e-anapolis/terrenos/vendo-lote-barato-1224631795,03/Oct/2023,14:03:41
Terrenos,,R$ 301.508,,Abadiânia,GO,535m²,Sonia net imóveis,24/08/2023,https://go.olx.com.br/grande-goiania-e-anapolis/terrenos/venda-lote-em-condominio-corumba-abadiania-1225947222,03/Oct/2023,14:03:41
Terrenos,,R$ 25.000,Planalmira,Abadiânia,GO,480m²,LEO SENA CORRETOR DE IMÓVEIS,22/08/2023,https://go.olx.com.br/grande-goiania-e-anapolis/terrenos/vendo-02-lotes-juntos-de-480m-cada-em-planalmira-go-1225337763,03/Oct/2023,14:03:41
Terrenos,,R$ 1.214,,Abadiânia,GO,500m²,Gerlaine Silva - Corretora,20/09/2023,https://go.olx.com.br/grande-goiania-e-anapolis/terrenos/lotes-beira-lago-corumba-acesso-por-abadiania-lazer-completo-1225850365,03/Oct/2023,14:03:41
Terrenos,,R$ 140.000,,Abadiânia,GO,7500m²,Jean,20/08/2023,https://go.olx.com.br/grande-goiania-e-anapolis/terrenos/vendo-terreno-em-abadiania-1224477597,03/Oct/2023,14:03:41
Terrenos,,R$ 313.238,,Abadiânia,GO,619m²,Sonia net imóveis,24/08/2023,https://go.olx.com.br/grande-goiania-e-anapolis/terrenos/venda-lote-em-condominio-corumba-abadiania-1225947295,03/Oct/2023,14:03:41
Terrenos,,null,,Abadiânia,GO,510m²,Fernanda Souza,24/08/2023,https://go.olx.com.br/grande-goiania-e-anapolis/terrenos/agio-de-lote-no-porto-do-lago-corumba-iv-1226081725,03/Oct/2023,14:03:41
Terrenos,,R$ 500.000,,Abadiânia,GO,10m²,ARBO IMÓVEIS,21/08/2023,https://go.olx.com.br/grande-goiania-e-anapolis/terrenos/lote-841-m-cond-portal-do-prata-abadiania-a-117-km-de-goiania-1224583374,03/Oct/2023,14:03:41
Terrenos,,R$ 285.328,,Abadiânia,GO,506m²,Sonia net imóveis,24/08/2023,https://go.olx.com.br/grande-goiania-e-anapolis/terrenos/venda-lote-em-condominio-corumba-abadiania-1225947022,03/Oct/2023,14:03:41
Terrenos,,R$ 310.128,,Abadiânia,GO,550m²,Sonia net imóveis,24/08/2023,https://go.olx.com.br/grande-goiania-e-anapolis/terrenos/venda-lote-em-condominio-corumba-abadiania-1225947023,03/Oct/2023,14:03:41
Terrenos,,R$ 247.539,,Abadiânia,GO,500m²,Sonia net imóveis,24/08/2023,https://go.olx.com.br/grande-goiania-e-anapolis/terrenos/venda-lote-em-condominio-corumba-abadiania-1225947098,03/Oct/2023,14:03:41
Terrenos,,R$ 7.000,,Abadiânia,GO,525m²,Alessandro Gomes da Silva,14/08/2023,https://go.olx.com.br/grande-goiania-e-anapolis/terrenos/lote-terreno-para-venda-tem-525-metros-quadrados-em-centro-abadiania-go-1222071200,03/Oct/2023,14:03:41
Terrenos,,R$ 60.000,,Abadiânia,GO,800m²,Rildo bueno da silva,07/08/2023,https://go.olx.com.br/grande-goiania-e-anapolis/terrenos/agil-condominio-farol-do-lago-1219343215,03/Oct/2023,14:03:42
Terrenos,,R$ 85.000,,Abadiânia,GO,500m²,Bruno Policarpo,25/07/2023,https://go.olx.com.br/grande-goiania-e-anapolis/terrenos/lote-terreno-500-metros-quadrados-em-zona-rural-abadiania-go-1214661021,03/Oct/2023,14:03:42
Terrenos,,R$ 21.500,Planalmira,Abadiânia,GO,360m²,Barbosa,28/07/2023,https://go.olx.com.br/grande-goiania-e-anapolis/terrenos/agio-lote-planalmira-1215587780,03/Oct/2023,14:03:42
Terrenos,,R$ 250.000,,Abadiânia,GO,907m²,MJ,03/08/2023,https://go.olx.com.br/grande-goiania-e-anapolis/terrenos/portal-do-prata-lago-corumba-oportunidade-1217968302,03/Oct/2023,14:03:42
Terrenos,,R$ 550.000,,Abadiânia,GO,811m²,Delmo Correa,04/08/2023,https://go.olx.com.br/grande-goiania-e-anapolis/terrenos/casa-de-condominio-para-venda-possui-811-metros-quadrados-em-portal-do-abadiania-go-1218488345,03/Oct/2023,14:03:42
Terrenos,,null,,Abadiânia,GO,510m²,Carlos,16/08/2023,https://go.olx.com.br/grande-goiania-e-anapolis/terrenos/lote-no-corumba-4-1222993738,03/Oct/2023,14:03:42
Terrenos,,R$ 2.300.000,,Abadiânia,GO,11m²,FR7 Imóveis,10/08/2023,https://go.olx.com.br/grande-goiania-e-anapolis/terrenos/fazenda-em-abadiania-go-1220850258,03/Oct/2023,14:03:42
Terrenos,,R$ 40.000,,Abadiânia,GO,500m²,IMOBILIARIA CERRADO,01/08/2023,https://go.olx.com.br/grande-goiania-e-anapolis/terrenos/agio-de-lote-a-venda-no-porto-do-lago-corumba-iv-1216975022,03/Oct/2023,14:03:43
Terrenos,,R$ 90.000,,Abadiânia,GO,700m²,neivarafael3,09/08/2023,https://go.olx.com.br/grande-goiania-e-anapolis/terrenos/corumba-iv-fazenda-sao-mateus-estancia-lago-azul-700-m-lote-1220297788,03/Oct/2023,14:03:43
Terrenos,,R$ 7.000,,Abadiânia,GO,525m²,Thays R. Pimentel,03/08/2023,https://go.olx.com.br/grande-goiania-e-anapolis/terrenos/lotes-em-condominio-fechado-abadiania-corumba-iv-entrada-a-partir-7-mil-1218159645,03/Oct/2023,14:03:43
Terrenos,,R$ 25.000,,Abadiânia,GO,300m²,Victor,02/08/2023,https://go.olx.com.br/grande-goiania-e-anapolis/terrenos/lotes-em-planalmira-1217814260,03/Oct/2023,14:03:43
Terrenos,,R$ 170.000,,Abadiânia,GO,840m²,maryallison1,08/08/2023,https://go.olx.com.br/grande-goiania-e-anapolis/terrenos/lote-840-m-quitado-1220066261,03/Oct/2023,14:03:43
Terrenos,,R$ 730.000,,Abadiânia,GO,1252m²,IMOBILIARIA CERRADO,12/08/2023,https://go.olx.com.br/grande-goiania-e-anapolis/terrenos/lote-no-residencial-portal-do-prata-lago-corumba-iv-abadiania-go-1221585930,03/Oct/2023,14:03:43
Terrenos,,R$ 277.452,,Abadiânia,GO,820m²,IMOBILIARIA CERRADO,10/08/2023,https://go.olx.com.br/grande-goiania-e-anapolis/terrenos/portal-do-prata-lago-corumba-iv-abadiania-go-1220787614,03/Oct/2023,14:03:43
Terrenos,,R$ 12.000,Planalmira,Abadiânia,GO,360m²,Tatiana,01/08/2023,https://go.olx.com.br/grande-goiania-e-anapolis/terrenos/agio-lote-em-planalmira-go-12mil-terreno-12x30mt-1217266243,03/Oct/2023,14:03:43
Terrenos,,R$ 99.000,Fazenda Mariká,Abadiânia,GO,500m²,CRIATO INTELIGENCIA IMOBILIÁRIA,17/08/2023,https://go.olx.com.br/grande-goiania-e-anapolis/terrenos/terreno-a-venda-500-m-por-r-99-000-00-zona-rural-abadiania-go-1223125248,03/Oct/2023,14:03:43
Terrenos,,R$ 65.000,,Abadiânia,GO,3000m²,Roy,17/09/2023,https://go.olx.com.br/grande-goiania-e-anapolis/terrenos/chacara-em-abadiania-3-000m2-1234854152,03/Oct/2023,14:03:43
Terrenos,,R$ 80.000,,Abadiânia,GO,1600m²,OFFICE EMPREENDIMENTOS IMOBILIARIOS LTDA,23/06/2023,https://go.olx.com.br/grande-goiania-e-anapolis/terrenos/terreno-a-venda-1600-m-por-r-80-000-00-rural-abadiania-go-1201456603,03/Oct/2023,14:03:44
Terrenos,,R$ 90.000,,Abadiânia,GO,3800m²,MARQUES COELHO EMPREENDIMENTOS LTDA,20/06/2023,https://go.olx.com.br/grande-goiania-e-anapolis/terrenos/terreno-a-venda-3800-m-por-r-90-000-00-zona-rural-abadiania-go-1200439469,03/Oct/2023,14:03:44
Terrenos,,R$ 374.400,,Abadiânia,GO,780m²,BR House - Matriz: Brasília/DF,24/05/2023,https://go.olx.com.br/grande-goiania-e-anapolis/terrenos/abadiania-lote-em-condominio-1189536296,03/Oct/2023,14:03:44
Terrenos,,R$ 197.030,,Abadiânia,GO,442m²,V. D. P. IMOVEIS,21/06/2023,https://go.olx.com.br/grande-goiania-e-anapolis/terrenos/terreno-a-venda-442-m-por-r-197-030-00-loteamento-lindo-horizonte-abadiania-go-1200632101,03/Oct/2023,14:03:44
Terrenos,,R$ 350.000,,Abadiânia,GO,647m²,BR House - Matriz: Brasília/DF,22/05/2023,https://go.olx.com.br/grande-goiania-e-anapolis/terrenos/abadiania-lote-em-condominio-1188325264,03/Oct/2023,14:03:44
Terrenos,,R$ 90.450,,Abadiânia,GO,502m²,Bruno Policarpo,29/06/2023,https://go.olx.com.br/grande-goiania-e-anapolis/terrenos/condominio-porto-do-lago-acesso-por-abadiania-infraestrutura-agua-energia-portaria-e-are-1204135528,03/Oct/2023,14:03:44
Terrenos,,R$ 8.142,,Abadiânia,GO,502m²,Bruno Policarpo,20/07/2023,https://go.olx.com.br/grande-goiania-e-anapolis/terrenos/condominio-porto-do-lago-lago-corumba-4-1212854864,03/Oct/2023,14:03:45
Terrenos,,R$ 110.000,,Abadiânia,GO,550m²,Eduardo Mendes,22/06/2023,https://go.olx.com.br/grande-goiania-e-anapolis/terrenos/lote-550-m-condominio-veredas-do-lago-corumba-iv-alvoradinha-alexania-1201346996,03/Oct/2023,14:03:45
Terrenos,,R$ 16.000,,Abadiânia,GO,800m²,Thays R. Pimentel,17/07/2023,https://go.olx.com.br/grande-goiania-e-anapolis/terrenos/lote-chacara-corumba-iv-entrada-a-partir-16-mil-portal-do-prata-1211242675,03/Oct/2023,14:03:45
Terrenos,,R$ 3.163,,Abadiânia,GO,602m²,Bruno Policarpo,20/07/2023,https://go.olx.com.br/grande-goiania-e-anapolis/terrenos/condominio-vale-verde-lago-corumba-4-1212856018,03/Oct/2023,14:03:45
Terrenos,,R$ 8.518,,Abadiânia,GO,771m²,Bruno Policarpo,20/07/2023,https://go.olx.com.br/grande-goiania-e-anapolis/terrenos/condominio-porto-valenca-lago-corumba-4-abadiania-go-1212858621,03/Oct/2023,14:03:45
Terrenos,,R$ 40.300.000,,Abadiânia,GO,155m²,FR7 Imóveis,24/06/2023,https://go.olx.com.br/grande-goiania-e-anapolis/terrenos/fazendo-em-abadiania-goias-1201864717,03/Oct/2023,14:03:45
Terrenos,,R$ 18.000,Fazenda Mariká,Abadiânia,GO,600m²,Luiz Cavalcante,12/04/2023,https://go.olx.com.br/grande-goiania-e-anapolis/terrenos/lotes-parcelados-aurora-do-lago-condominio-no-corumba-iv-abadiania-go-1126623498,03/Oct/2023,14:03:46
Terrenos,,R$ 550.000,,Abadiânia,GO,811m²,Vincer Imobiliária  Ag Marista,18/04/2023,https://go.olx.com.br/grande-goiania-e-anapolis/terrenos/escarpas-do-lago-1174659229,03/Oct/2023,14:03:46
Terrenos,,R$ 281.000,,Abadiânia,GO,800m²,Thays R. Pimentel,14/04/2023,https://go.olx.com.br/grande-goiania-e-anapolis/terrenos/pronto-para-construir-condominio-de-chacara-portal-do-prata-corumba-iv-916974572,03/Oct/2023,14:03:46
Terrenos,,R$ 90.000,,Abadiânia,GO,960m²,Bruno Jayme Ferreira Santarosa,10/05/2023,https://go.olx.com.br/grande-goiania-e-anapolis/terrenos/oportunidade-unica-02-lotes-paralelos-a-venda-na-melhor-localizacao-de-planamira-go-1183657138,03/Oct/2023,14:03:46
Terrenos,,R$ 15.000,,Abadiânia,GO,697m²,Paulo Roberto da Silva Pacheco,16/04/2023,https://go.olx.com.br/grande-goiania-e-anapolis/terrenos/abadiania-loteamento-condominio-zona-rural-de-abadiania-1120187600,03/Oct/2023,14:03:46
Terrenos,,R$ 70.411,,Abadiânia,GO,555m²,Paulo Roberto da Silva Pacheco,12/04/2023,https://go.olx.com.br/grande-goiania-e-anapolis/terrenos/corumba-iv-lotes-parcelados-949478464,03/Oct/2023,14:03:46
Terrenos,,R$ 38.000,,Abadiânia,GO,700m²,Luiz Cavalcante,16/04/2023,https://go.olx.com.br/grande-goiania-e-anapolis/terrenos/nao-perca-essa-grande-oportunidade--lote-do-condominio-farol-do-lago-1156092620,03/Oct/2023,14:03:46
Terrenos,,R$ 390.000,,Abadiânia,GO,800m²,Lúcio Imóveis,15/04/2023,https://go.olx.com.br/grande-goiania-e-anapolis/terrenos/terreno-venda-condominio-riviera-do-lago-abadiania-go-1119448219,03/Oct/2023,14:03:47
Terrenos,,R$ 140.000,,Abadiânia,GO,600m²,RMW CONSULTORIA IMOBILIARIA,10/08/2023,https://go.olx.com.br/grande-goiania-e-anapolis/terrenos/lote-terreno-para-venda-tem-600-metros-quadrados-em-zona-rural-abadiania-go-1220661328,03/Oct/2023,14:03:47
Terrenos,,R$ 275.000,,Abadiânia,GO,540m²,Vincer Imobiliária  Ag Marista,02/05/2023,https://go.olx.com.br/grande-goiania-e-anapolis/terrenos/escarpas-do-lago-corumba-4-1180060041,03/Oct/2023,14:03:47
Terrenos,,R$ 15.000,,Abadiânia,GO,600m²,Hellyezer Alves Pereira,11/04/2023,https://go.olx.com.br/grande-goiania-e-anapolis/terrenos/condominio-fechado-corumba-4-abadiania-para-lazer-para-quem-pode-1019474918,03/Oct/2023,14:03:47
Terrenos,,R$ 140.000,,Abadiânia,GO,800m²,DONALDO IMÓVEIS,12/04/2023,https://go.olx.com.br/grande-goiania-e-anapolis/terrenos/condominio-farol-do-lago-corumba-iv-abadiania-go-1092818340,03/Oct/2023,14:03:47
Terrenos,,R$ 150.000,,Abadiânia,GO,10m²,ADRIANA IMÓVEIS,26/03/2023,https://go.olx.com.br/grande-goiania-e-anapolis/terrenos/abadiania-terreno-padrao-lago-corumba-iv-1012447171,03/Oct/2023,14:03:48
Terrenos,,R$ 281.000,,Abadiânia,GO,841m²,Thays R. Pimentel,10/04/2023,https://go.olx.com.br/grande-goiania-e-anapolis/terrenos/condominio-chacara-portal-do-prata-pronto-para-construir-1106988552,03/Oct/2023,14:03:48
Terrenos,,R$ 490.000,,Abadiânia,GO,913m²,MONFERRARI IMOVEIS,10/04/2023,https://go.olx.com.br/grande-goiania-e-anapolis/terrenos/lote-terreno-abadiania-lago-corumba-4-portal-do-prata-1156034663,03/Oct/2023,14:03:49
Terrenos,,R$ 136.400.000,,Abadiânia,GO,682m²,FR7 Imóveis,21/03/2023,https://go.olx.com.br/grande-goiania-e-anapolis/terrenos/fazenda-em-abadiania-goias-1081987093,03/Oct/2023,14:03:49
Terrenos,,R$ 170.000,,Abadiânia,GO,650m²,TCM Participações e Empreendimentos,22/07/2023,https://go.olx.com.br/grande-goiania-e-anapolis/terrenos/terreno-a-venda-650-m-por-r-170-000-abadiania-abadiania-go-1213291061,03/Oct/2023,14:03:49
Terrenos,,R$ 4.800.000,,Abadiânia,GO,288291m²,POLO IMÓVEIS - LTDA,20/03/2023,https://go.olx.com.br/grande-goiania-e-anapolis/terrenos/lote-a-venda-no-bairro-zona-rural-1141698111,03/Oct/2023,14:03:49
Terrenos,,R$ 600.000,,Abadiânia,GO,780m²,Bruno Policarpo,28/02/2023,https://go.olx.com.br/grande-goiania-e-anapolis/terrenos/vende-se-area-localizado-lago-corumba-iv-possui-7-800-m-1152483071,03/Oct/2023,14:03:49
Venda - casa em condominio fechado,3,R$ 950.000,,Abadiânia,GO,1000m²,ARBO IMÓVEIS,06/09/2023,https://go.olx.com.br/grande-goiania-e-anapolis/imoveis/casa-3-qtos-lago-corumba-iv-abadiania-1-000-mts-1230732063,03/Oct/2023,14:03:50
Terrenos,,R$ 204.250,,Abadiânia,GO,507m²,IMOBILIARIA CERRADO,29/05/2022,https://go.olx.com.br/grande-goiania-e-anapolis/terrenos/belvedere-village-condominio-lago-corumba-iv-abadiania-go-1038326448,03/Oct/2023,14:03:50
Terrenos,,R$ 236.837,,Abadiânia,GO,515m²,IMOBILIARIA CERRADO,30/05/2022,https://go.olx.com.br/grande-goiania-e-anapolis/terrenos/aurora-do-lago-condominio-no-corumba-iv-abadiania-go-1038681072,03/Oct/2023,14:03:50
Venda - casa em condominio fechado,4,R$ 380.000,,Abadiânia,GO,500m²,AMARILDO SOUSA DE OLIVEIRA,29/09/2023,https://go.olx.com.br/grande-goiania-e-anapolis/imoveis/casa-4-4-no-paula-lorrany-melhor-condominio-fechado-no-lago-corumba-04-piscina-500m-1238607780,03/Oct/2023,14:03:50
Terrenos,,R$ 250.000,,Abadiânia,GO,400m²,Cláudio Luz,09/03/2023,https://go.olx.com.br/grande-goiania-e-anapolis/terrenos/s-margens-dos-rios-corumba-iv-e-capivari-1157113555,03/Oct/2023,14:03:50
Terrenos,,R$ 277.452,,Abadiânia,GO,820m²,IMOBILIARIA CERRADO,29/05/2022,https://go.olx.com.br/grande-goiania-e-anapolis/terrenos/portal-do-prata-lago-corumba-iv-abadiania-go-1038324673,03/Oct/2023,14:03:50
Venda - casa em condominio fechado,5 ou mais,R$ 4.900.000,,Abadiânia,GO,363m²,Só Imóveis Negócios Imobiliários,12/09/2023,https://go.olx.com.br/grande-goiania-e-anapolis/imoveis/sobrado-a-venda-em-condominio-fechado-03-andares-com-vista-pro-lago-corumba-iv-1232676878,03/Oct/2023,14:03:50
Venda - casa em condominio fechado,3,R$ 2.500.000,,Abadiânia,GO,364m²,Valdeci,09/09/2023,https://go.olx.com.br/grande-goiania-e-anapolis/imoveis/casa-portal-do-prata-lago-corumba-lv-1231750263,03/Oct/2023,14:03:51
Terrenos,,R$ 400.000,,Abadiânia,GO,800m²,Bruno Jayme Ferreira Santarosa,01/03/2023,https://go.olx.com.br/grande-goiania-e-anapolis/terrenos/lote-terreno-para-venda-possui-800-metros-quadrados-em-zona-rural-abadiania-go-1101072975,03/Oct/2023,14:03:51
Venda - casa em condominio fechado,5 ou mais,R$ 2.300.000,,Abadiânia,GO,630m²,Ni3 Propriedades,25/09/2023,https://go.olx.com.br/grande-goiania-e-anapolis/imoveis/casa-terrea-com-5-suites-630-m-cond-riviera-do-lago-1237469933,03/Oct/2023,14:03:51
Terrenos,,R$ 180.000,,Abadiânia,GO,20m²,IMOBILIARIA CERRADO,30/05/2022,https://go.olx.com.br/grande-goiania-e-anapolis/terrenos/venda-de-terreno-a-27km-saida-pra-corumba-20mil-metros-1038754357,03/Oct/2023,14:03:51
Venda - apartamento padrão,1,R$ 60.000,,Abadiânia,GO,52m²,Mega Leilões,11/09/2023,https://go.olx.com.br/grande-goiania-e-anapolis/imoveis/apartamento-52-m-unid-02-continuacao-de-lindo-horizonte-abadiania-go-1232639044,03/Oct/2023,14:03:51
Terrenos,,R$ 32.000,Centro,Abadiânia,GO,360m²,RONALDO JÚNIOR,06/03/2023,https://go.olx.com.br/grande-goiania-e-anapolis/terrenos/lote-em-condominio-em-corumba-iv-1088227737,03/Oct/2023,14:03:51
Terrenos,,R$ 220.000,,Abadiânia,GO,546m²,My Broker Imobiliária,05/03/2023,https://go.olx.com.br/grande-goiania-e-anapolis/terrenos/abadiania-loteamento-condominio-zona-rural-1009055251,03/Oct/2023,14:03:51
Terrenos,,R$ 20.000.000,,Abadiânia,GO,968000m²,Eduardo Mendes,27/01/2023,https://go.olx.com.br/grande-goiania-e-anapolis/terrenos/excelente-area-com-20-alqueires-para-condominio-loteamento-lago-corumba-iv-abadiania-g-1139195025,03/Oct/2023,14:03:51
Terrenos,,R$ 900.000,,Abadiânia,GO,70000m²,Paulo Roberto da Silva Pacheco,01/12/2022,https://go.olx.com.br/grande-goiania-e-anapolis/terrenos/area-no-corumba-4-948867459,03/Oct/2023,14:03:51
Terrenos,,R$ 600.000,,Abadiânia,GO,30m²,Bruno Policarpo,27/02/2023,https://go.olx.com.br/grande-goiania-e-anapolis/terrenos/vende-se-area-localizado-em-abadiania-go-possui-7-800-m-1152414404,03/Oct/2023,14:03:51
Venda - casa em condominio fechado,5 ou mais,R$ 1.350.000,,Abadiânia,GO,800m²,ARBO IMÓVEIS,06/09/2023,https://go.olx.com.br/grande-goiania-e-anapolis/imoveis/casa-terrea-6-suites-800-m-1230732188,03/Oct/2023,14:03:51
Terrenos,,R$ 200.000,,Abadiânia,GO,1100m²,IMOBILIARIA RESIDENCIA LTDA - ME,22/02/2023,https://go.olx.com.br/grande-goiania-e-anapolis/terrenos/terreno-comercial-para-venda-rural-abadiania-1139505760,03/Oct/2023,14:03:51
Terrenos,,R$ 150.000,,Abadiânia,GO,502m²,IMOBILIARIA RESIDENCIA LTDA - ME,04/03/2023,https://go.olx.com.br/grande-goiania-e-anapolis/terrenos/lote-em-condomino-para-venda-zona-rural-abadiania-1139505991,03/Oct/2023,14:03:51
Venda - casa em rua pública,3,R$ 250.000,,Abadiânia,GO,,Marcos Vinicius De Paula Santos,01/09/2023,https://go.olx.com.br/grande-goiania-e-anapolis/imoveis/casa-em-abadiania-centro-1229073495,03/Oct/2023,14:03:51
Venda - casa em rua pública,4,R$ 980.000,,Abadiânia,GO,350m²,ADRIANA IMÓVEIS,27/03/2023,https://go.olx.com.br/grande-goiania-e-anapolis/imoveis/abadiania-casa-padrao-lago-corumba-iv-984284065,03/Oct/2023,14:03:52
Venda - casa em rua pública,3,R$ 550.000,,Abadiânia,GO,800m²,Eduardo Mendes,07/08/2023,https://go.olx.com.br/grande-goiania-e-anapolis/imoveis/casa-3-4-lote-800-m-condominio-farol-do-lago-corumba-iv-abadiania-go-1219421301,03/Oct/2023,14:03:52
Venda - casa em rua pública,3,R$ 398.000,,Abadiânia,GO,170m²,Eliana,28/07/2023,https://go.olx.com.br/grande-goiania-e-anapolis/imoveis/casa-lago-corumba-1215715671,03/Oct/2023,14:03:52
Venda - casa em rua pública,4,R$ 1.390.000,,Abadiânia,GO,350m²,IMOBILIARIA CERRADO,29/05/2022,https://go.olx.com.br/grande-goiania-e-anapolis/imoveis/casa-mobiliada-no-condominio-riviera-do-lago-em-abadiania-a-venda-1038331308,03/Oct/2023,14:03:52
Venda - casa em rua pública,5 ou mais,R$ 2.300.000,,Abadiânia,GO,630m²,TAVARES CONSULTORIA IMOBILIARIA E CORRETORA DE SEGUROS,12/04/2023,https://go.olx.com.br/grande-goiania-e-anapolis/imoveis/casa-em-condominio-fechado-lago-corumba-iv-1107128720,03/Oct/2023,14:03:52
Venda - casa em condominio fechado,4,R$ 1.390.000,,Abadiânia,GO,350m²,ADRIANA IMÓVEIS,29/03/2023,https://go.olx.com.br/grande-goiania-e-anapolis/imoveis/abadiania-casa-de-condominio-riviera-do-lago-1035659375,03/Oct/2023,14:03:52
Venda - casa em condominio fechado,4,R$ 280.000,,Abadiânia,GO,98m²,Coimbra Imóveis,05/06/2023,https://go.olx.com.br/grande-goiania-e-anapolis/imoveis/casa-a-venda-c-98-m2-4-qts-c-1-suite-piscina-estrutura-p-sobrado-tr-coimbra-zap-1194410123,03/Oct/2023,14:03:52
Venda - casa em rua pública,5 ou mais,R$ 4.900.000,,Abadiânia,GO,363m²,MW IMÓVEIS,05/05/2023,https://go.olx.com.br/grande-goiania-e-anapolis/imoveis/sobrado-em-zona-rural-anapolis-go-1181247745,03/Oct/2023,14:03:52
Venda - casa em condominio fechado,4,R$ 1.195.000,,Abadiânia,GO,350m²,Bruno Jayme Ferreira Santarosa,03/05/2023,https://go.olx.com.br/grande-goiania-e-anapolis/imoveis/exuberante-casa-no-residencial-riviera-do-lago-as-margens-do-lago-corumba-4-abadiania-1180466942,03/Oct/2023,14:03:53
Venda - casa em condominio fechado,4,R$ 1.300.000,,Abadiânia,GO,350m²,Vincer Imobiliária  Ag Marista,08/04/2023,https://go.olx.com.br/grande-goiania-e-anapolis/imoveis/casa-mobiliada-no-condominio-riviera-do-lago-1124960134,03/Oct/2023,14:03:53
Venda - casa em rua pública,2,R$ 95.000,,Abadiânia,GO,206m²,Carmem silva,04/09/2023,https://go.olx.com.br/grande-goiania-e-anapolis/imoveis/vendo-casa-em-abadiania-1230049883,03/Oct/2023,14:03:53
Venda - casa em condominio fechado,1,R$ 200.000,,Abadiânia,GO,10m²,ADRIANA IMÓVEIS,16/04/2023,https://go.olx.com.br/grande-goiania-e-anapolis/imoveis/abadiania-casa-de-condominio-aurora-do-lago-1099377503,03/Oct/2023,14:03:53
Venda - casa em rua pública,5 ou mais,R$ 1.500.000,,Abadiânia,GO,350m²,MARCELO BAIOCCHI IMOVEIS,19/08/2023,https://go.olx.com.br/grande-goiania-e-anapolis/imoveis/sobrado-condominio-riviera-do-lago-1223993919,03/Oct/2023,14:03:53
Venda - casa em condominio fechado,4,R$ 2.200.000,,Abadiânia,GO,800m²,ARBO IMÓVEIS,18/08/2023,https://go.olx.com.br/grande-goiania-e-anapolis/imoveis/casa-4-suites-corumba-iv-mobiliada-abadiania-1223554363,03/Oct/2023,14:03:53
Venda - casa em rua pública,4,R$ 1.100.000,,Abadiânia,GO,1200m²,IMOBILIARIA CERRADO,30/05/2023,https://go.olx.com.br/grande-goiania-e-anapolis/imoveis/casa-em-planalmira-com-edicula-disponivel-para-venda-1192147420,03/Oct/2023,14:03:53
Venda - casa em rua pública,2,R$ 1.500.000,,Abadiânia,GO,420m²,PROVENDA A IMOBILIÁRIA,27/07/2023,https://go.olx.com.br/grande-goiania-e-anapolis/imoveis/casa-2-quartos-com-2-suites-no-condominio-riviera-do-lago-em-abadiania-1215389597,03/Oct/2023,14:03:53
Venda - casa em condominio fechado,3,R$ 950.000,,Abadiânia,GO,1000m²,ARBO IMÓVEIS,18/08/2023,https://go.olx.com.br/grande-goiania-e-anapolis/imoveis/casa-3-qtos-lago-corumba-iv-abadiania-1-000-mts-1223554273,03/Oct/2023,14:03:53
Venda - casa em condominio fechado,3,R$ 2.500.000,,Abadiânia,GO,364m²,MIL IMÓVEIS,12/09/2023,https://go.olx.com.br/grande-goiania-e-anapolis/imoveis/projeto-casa-terrea-portal-do-prata-corumba-iv-1232978870,03/Oct/2023,14:03:53
Venda - casa em rua pública,3,R$ 220.000,,Abadiânia,GO,144m²,rosimarrabelo9,29/07/2023,https://go.olx.com.br/grande-goiania-e-anapolis/imoveis/casa-abadiania-1216191357,03/Oct/2023,14:03:53
Venda - casa em condominio fechado,5 ou mais,R$ 1.500.000,,Abadiânia,GO,327m²,GUTTYANE - URBS PRIVATE,27/04/2023,https://go.olx.com.br/grande-goiania-e-anapolis/imoveis/riviera-do-lago-casa-de-condominio-6-quartos-sendo-6-suites-1178175582,03/Oct/2023,14:03:53
Venda - casa em rua pública,5 ou mais,R$ 1.000.000,,Abadiânia,GO,340m²,Elison Bernardes do Amaral,13/04/2023,https://go.olx.com.br/grande-goiania-e-anapolis/imoveis/casa-5-quartos-em-abadiania-949833314,03/Oct/2023,14:03:53
Venda - casa em rua pública,3,R$ 550.000,,Abadiânia,GO,800m²,Bruno Policarpo,22/05/2023,https://go.olx.com.br/grande-goiania-e-anapolis/imoveis/casa-para-venda-com-800-metros-quadrados-com-3-quartos-em-abadiania-abadiania-goias-1188391102,03/Oct/2023,14:03:53
Venda - casa em condominio fechado,5 ou mais,R$ 1.590.000,,Abadiânia,GO,800m²,Saulo Rodrigues Rocha Arantes,19/06/2023,https://go.olx.com.br/grande-goiania-e-anapolis/imoveis/casa-de-condominio-sobrado-para-venda-tem-800-metros-quadrados-com-12-quartos-1199780156,03/Oct/2023,14:03:53
Venda - casa em condominio fechado,2,R$ 290.000,,Abadiânia,GO,300m²,Graziella,25/07/2023,https://go.olx.com.br/grande-goiania-e-anapolis/imoveis/casa-em-condominio-lago-corumba-iv-1136447345,03/Oct/2023,14:03:53
Terrenos,,R$ 225.000,,Abadiânia,GO,1100m²,IMOBILIARIA RESIDENCIA LTDA - ME,05/04/2023,https://go.olx.com.br/grande-goiania-e-anapolis/terrenos/terreno-comercial-para-venda-rural-abadiania-1139509274,03/Oct/2023,14:03:53
Venda - casa em rua pública,3,R$ 180.880,,Abadiânia,GO,152m²,V. D. P. IMOVEIS,16/04/2023,https://go.olx.com.br/grande-goiania-e-anapolis/imoveis/casa-com-3-dormitorios-a-venda-151-m-por-r-180-880-00-lindo-horizonte-abadiania-go-1161964744,03/Oct/2023,14:03:53
Venda - casa em condominio fechado,4,R$ 400.000,,Abadiânia,GO,450m²,ADRIANA IMÓVEIS,16/04/2023,https://go.olx.com.br/grande-goiania-e-anapolis/imoveis/abadiania-casa-de-condominio-condominio-vaca-brava-1046068083,03/Oct/2023,14:03:53
Venda - casa em condominio fechado,5 ou mais,R$ 1.500.000,,Abadiânia,GO,327m²,Sr. Viva Desenvolvimento de Negócios Ltda,25/07/2023,https://go.olx.com.br/grande-goiania-e-anapolis/imoveis/riviera-do-lago-casa-de-condominio-6-quartos-sendo-6-suites-1214638344,03/Oct/2023,14:03:53
Venda - casa em rua pública,5 ou mais,R$ 1.100.000,,Abadiânia,GO,480m²,CRIATO INTELIGENCIA IMOBILIÁRIA,07/06/2023,https://go.olx.com.br/grande-goiania-e-anapolis/imoveis/casa-com-6-dormitorios-a-venda-480-m-por-r-1-100-000-00-abadiania-abadiania-go-1195053710,03/Oct/2023,14:03:53
Venda - casa em rua pública,2,R$ 350.000,,Abadiânia,GO,150m²,Lúcio Imóveis,07/04/2023,https://go.olx.com.br/grande-goiania-e-anapolis/imoveis/casa-de-rua-venda-zona-rural-abadiania-go-1148082584,03/Oct/2023,14:03:53
Venda - casa em condominio fechado,4,R$ 600.000,,Abadiânia,GO,300m²,Coimbra Imóveis,27/05/2023,https://go.olx.com.br/grande-goiania-e-anapolis/imoveis/casac-300mts2-em-lotec-mil-mts2-c-4qtos-c-01-suite-3banh-area-ampla-c-fog-caipira-2-1190893878,03/Oct/2023,14:03:53
Venda - casa em rua pública,3,R$ 950.000,,Abadiânia,GO,300m²,IMOBILIARIA RESIDENCIA LTDA - ME,26/03/2023,https://go.olx.com.br/grande-goiania-e-anapolis/imoveis/casa-3-quartos-para-venda-lago-corumba-abadiania-1139848016,03/Oct/2023,14:03:53
Terrenos,,R$ 100.000,,Abadiânia,GO,575m²,My Broker Imobiliária,10/03/2023,https://go.olx.com.br/grande-goiania-e-anapolis/terrenos/abadiania-loteamento-condominio-centro-1157226825,03/Oct/2023,14:03:54
Venda - casa em rua pública,3,R$ 450.000,,Abadiânia,GO,10m²,DONALDO IMÓVEIS,25/08/2023,https://go.olx.com.br/grande-goiania-e-anapolis/imoveis/casa-corumba-iv-1226543002,03/Oct/2023,14:03:54
Venda - casa em condominio fechado,5 ou mais,R$ 4.900.000,,Abadiânia,GO,600m²,Só Imóveis Negócios Imobiliários,25/08/2023,https://go.olx.com.br/grande-goiania-e-anapolis/imoveis/casa-de-condominio-sobrado-para-venda-possui-600-metros-quadrados-com-10-quartos-1226360881,03/Oct/2023,14:03:54
Venda - casa em condominio fechado,5 ou mais,R$ 1.500.000,,Abadiânia,GO,327m²,Equipe Diamond,26/08/2023,https://go.olx.com.br/grande-goiania-e-anapolis/imoveis/riviera-do-lago-casa-de-condominio-6-quartos-sendo-6-suites-1226715077,03/Oct/2023,14:03:54
Venda - casa em condominio fechado,5 ou mais,R$ 2.200.000,,Abadiânia,GO,630m²,MIL IMÓVEIS,20/07/2023,https://go.olx.com.br/grande-goiania-e-anapolis/imoveis/casa-de-luxo-lago-corumba-1212729388,03/Oct/2023,14:03:54
Venda - casa em condominio fechado,4,R$ 1.390.000,,Abadiânia,GO,350m²,ADRIANA IMÓVEIS,23/02/2023,https://go.olx.com.br/grande-goiania-e-anapolis/imoveis/abadiania-casa-de-condominio-riviera-do-lago-1034675868,03/Oct/2023,14:03:54
Venda - casa em rua pública,4,R$ 180.000,,Abadiânia,GO,0m²,Sirlene,25/09/2023,https://go.olx.com.br/grande-goiania-e-anapolis/imoveis/vendo-casa-planalmira-1237272206,03/Oct/2023,14:03:54
Venda - casa em condominio fechado,3,R$ 430.000,,Abadiânia,GO,200m²,ADRIANA IMÓVEIS,10/04/2023,https://go.olx.com.br/grande-goiania-e-anapolis/imoveis/abadiania-casa-de-condominio-lago-corumba-iv-1002504238,03/Oct/2023,14:03:54
Venda - casa em rua pública,2,R$ 197.030,,Abadiânia,GO,139m²,V. D. P. IMOVEIS,21/06/2023,https://go.olx.com.br/grande-goiania-e-anapolis/imoveis/casa-com-2-dormitorios-a-venda-139-m-por-r-197-030-00-loteamento-lindo-horizonte-ab-1200632111,03/Oct/2023,14:03:54
Venda - casa em rua pública,5 ou mais,R$ 1.600.000,,Abadiânia,GO,800m²,JOSE VALDINEIS LOPES PINHEIRO,11/07/2023,https://go.olx.com.br/grande-goiania-e-anapolis/imoveis/casa-sobrado-com-5-quartos-bairro-centro-em-abadiania-1208787485,03/Oct/2023,14:03:54
Terrenos,,R$ 110.000,,Abadiânia,GO,611m²,Rodrigo Gomes Elias,28/07/2023,https://go.olx.com.br/grande-goiania-e-anapolis/terrenos/agio-condominio-escarpas-do-lago-lago-corumba-4-1215764591,03/Oct/2023,14:03:55
Venda - casa em condominio fechado,5 ou mais,R$ 1.500.000,,Abadiânia,GO,327m²,PRIVATE MAIS INTELIGENCIA IMOBILIARIA LTDA,03/04/2023,https://go.olx.com.br/grande-goiania-e-anapolis/imoveis/riviera-do-lago-casa-de-condominio-6-quartos-sendo-6-suites-1104754048,03/Oct/2023,14:03:55
Terrenos,,R$ 250.000,,Abadiânia,GO,100m²,IMOBILIARIA CERRADO,29/05/2022,https://go.olx.com.br/grande-goiania-e-anapolis/terrenos/chacaras-venda-a-20-km-de-anapolis-proximo-ao-rio-pianco-1038319545,03/Oct/2023,14:03:56
Venda - casa em condominio fechado,5 ou mais,R$ 1.500.000,,Abadiânia,GO,327m²,URBS ONE,20/09/2023,https://go.olx.com.br/grande-goiania-e-anapolis/imoveis/riviera-do-lago-casa-de-condominio-6-quartos-sendo-6-suites-1235656642,03/Oct/2023,14:03:57